,id_x,type,startTime,endTime,duration,success,failure,parent,next,previous,object_acted_on,object_type,bodyPartsUsed,arm,grasp,effort,id_y,action_task_id,t_x,t_y,t_z,q_x,q_y,q_z,q_w,information
8,Action_TCXQVHJI,Perceiving,1611246136.6931696,1611246145.0204055,8.327236175537111,True,,,,,dish_washer_tabs_0,,,,,,8,Action_TCXQVHJI,1.0,-0.4800000190734863,0.0,0.0,0.0,0.2868669927120209,0.9579704403877258,
1,Action_IOQLNSMW,Perceiving,1611260930.6061792,1611260939.419475,8.813296079635618,True,,,,,dish_washer_tabs_0,,,,,,1,Action_IOQLNSMW,1.0399999618530271,-0.440000057220459,0.0,0.0,0.0,0.261775016784668,0.9651289582252502,
5,Action_ZMRHGLTC,Perceiving,1611295082.2914422,1611295092.027503,9.736060857772829,True,,,,,dish_washer_tabs_0,,,,,,5,Action_ZMRHGLTC,1.1599998474121094,-0.5199999809265137,0.0,0.0,0.0,0.2341150790452957,0.9722089171409608,
4,Action_QUGHJRDY,Perceiving,1611229659.9857426,1611229666.662742,6.67699933052063,True,,,,,dish_washer_tabs_0,,,,,,4,Action_QUGHJRDY,1.199999745686849,-0.5199999809265137,0.0,0.0,0.0,0.21603178977966309,0.9763863086700441,
3,Action_RBIVMXGO,Perceiving,1611232311.3093345,1611232319.5334852,8.224150657653809,True,,,,,dish_washer_tabs_0,,,,,,3,Action_RBIVMXGO,1.199999745686849,-0.4000000953674317,0.0,0.0,0.0,0.1883303076028824,0.9821057319641112,
7,Action_LPFRCSVN,Perceiving,1611244741.5387125,1611244748.394539,6.855826616287232,True,,,,,dish_washer_tabs_0,,,,,,7,Action_LPFRCSVN,1.239999771118164,-0.4800000190734863,0.0,0.0,0.0,0.1876792907714844,0.9822303652763368,
11,Action_NWXBLEZF,Perceiving,1611292407.6538,1611292414.8506446,7.1968445777893075,True,,,,,dish_washer_tabs_0,,,,,,11,Action_NWXBLEZF,1.239999771118164,-0.440000057220459,0.0,0.0,0.0,0.17894524335861206,0.9838590621948242,
6,Action_HQNYLXUV,Perceiving,1611274646.387476,1611274652.44478,6.05730414390564,True,,,,,dish_washer_tabs_0,,,,,,6,Action_HQNYLXUV,1.239999771118164,-0.5199999809265137,0.0,0.0,0.0,0.1970932632684708,0.9803847074508668,
8,Action_UXMWGNOL,Perceiving,1611251781.9408221,1611251788.8734436,6.932621479034424,True,,,,,dish_washer_tabs_0,,,,,,8,Action_UXMWGNOL,1.239999771118164,-0.5199999809265137,0.0,0.0,0.0,0.1970932632684708,0.9803847074508668,
17,Action_VBJUMEWZ,Perceiving,1611262421.4890301,1611262428.3170981,6.828068017959595,True,,,,,dish_washer_tabs_0,,,,,,17,Action_VBJUMEWZ,1.239999771118164,-0.5199999809265137,0.0,0.0,0.0,0.1970932632684708,0.9803847074508668,
12,Action_WKZOEQMP,Perceiving,1611228264.8347762,1611228272.032464,7.197687864303589,True,,,,,dish_washer_tabs_0,,,,,,12,Action_WKZOEQMP,1.239999771118164,-0.5199999809265137,0.0,0.0,0.0,0.1970932632684708,0.9803847074508668,
2,Action_QUTKDNIY,Perceiving,1611245501.7688155,1611245509.5725179,7.8037025928497314,True,,,,,dish_washer_tabs_0,,,,,,2,Action_QUTKDNIY,1.2799997965494792,-0.4800000190734863,0.0,0.0,0.0,0.16846249997615814,0.9857080578804016,
3,Action_LNHJYGUM,Perceiving,1611256550.4655588,1611256557.5980597,7.132500886917113,True,,,,,dish_washer_tabs_0,,,,,,3,Action_LNHJYGUM,1.2799997965494792,-0.5199999809265137,0.0,0.0,0.0,0.1773063838481903,0.9841557145118712,
4,Action_BWHPDZQL,Perceiving,1611255950.0228467,1611255956.8058846,6.783037662506104,True,,,,,dish_washer_tabs_0,,,,,,4,Action_BWHPDZQL,1.2799997965494792,-0.3600001335144043,0.0,0.0,0.0,0.14565320312976834,0.9893357157707214,
0,Action_YBPNXTFL,Perceiving,1611255356.1934562,1611255362.8109539,6.617497682571411,True,,,,,dish_washer_tabs_0,,,,,,0,Action_YBPNXTFL,1.2799997965494792,-0.4000000953674317,0.0,0.0,0.0,0.1526993364095688,0.9882726669311525,
2,Action_OMQRGUSH,Perceiving,1611263590.7218885,1611263596.935317,6.213428497314452,True,,,,,dish_washer_tabs_0,,,,,,2,Action_OMQRGUSH,1.2799997965494792,-0.5199999809265137,0.0,0.0,0.0,0.1773063838481903,0.9841557145118712,
0,Action_JOGMYNPH,Perceiving,1611258442.0741286,1611258450.7050545,8.63092565536499,True,,,,,dish_washer_tabs_0,,,,,,0,Action_JOGMYNPH,1.3199996948242188,-0.5599999745686849,0.0,0.0,0.0,0.1655917912721634,0.986194372177124,
2,Action_ZSCBGROK,Perceiving,1611231140.9045749,1611231148.0901434,7.185568809509277,True,,,,,dish_washer_tabs_0,,,,,,2,Action_ZSCBGROK,1.3199996948242188,-0.5599999745686849,0.0,0.0,0.0,0.1655917912721634,0.986194372177124,
14,Action_YXRNBGFP,Perceiving,1611237311.5033665,1611237321.7345831,10.231216669082643,True,,,,,dish_washer_tabs_0,,,,,,14,Action_YXRNBGFP,1.3599995930989583,-0.3200001716613769,0.0,0.0,0.0,0.10344039648771286,0.9946356415748596,
7,Action_MLYJIFXP,Perceiving,1611281670.396407,1611281679.3090036,8.912596940994261,True,,,,,dish_washer_tabs_0,,,,,,7,Action_MLYJIFXP,1.3599995930989583,-0.3600001335144043,0.0,0.0,0.0,0.10885224491357803,0.9940579533576964,
4,Action_IVPFWZJT,Perceiving,1611275401.3554022,1611275408.5523052,7.1969029903411865,True,,,,,dish_washer_tabs_0,,,,,,4,Action_IVPFWZJT,1.3599995930989583,-0.4800000190734863,0.0,0.0,0.0,0.1278390884399414,0.9917949438095092,
2,Action_NLYUPRBX,Perceiving,1611282419.5101373,1611282429.7290626,10.21892499923706,True,,,,,dish_washer_tabs_0,,,,,,2,Action_NLYUPRBX,1.3599995930989583,-0.5199999809265137,0.0,0.0,0.0,0.13527841866016388,0.9908075928688048,
9,Action_YQRIMTSU,Perceiving,1611260967.275245,1611260977.715728,10.44048309326172,True,,,,,dish_washer_tabs_0,,,,,,9,Action_YQRIMTSU,1.3599995930989583,-0.5599999745686849,0.0,0.0,0.0,0.1433936357498169,0.9896657466888428,
7,Action_VIMSXEJU,Perceiving,1611235796.991837,1611235806.8047605,9.812923431396484,True,,,,,dish_washer_tabs_0,,,,,,7,Action_VIMSXEJU,1.3599995930989583,-0.3200001716613769,0.0,0.0,0.0,0.10344039648771286,0.9946356415748596,
0,Action_GBISZFLT,Perceiving,1611266100.963451,1611266109.4840038,8.52055287361145,True,,,,,dish_washer_tabs_0,,,,,,0,Action_GBISZFLT,1.3599995930989583,-0.5199999809265137,0.0,0.0,0.0,0.13527841866016388,0.9908075928688048,
5,Action_HLVNODYZ,Perceiving,1611281141.717816,1611281150.4486902,8.730874300003054,True,,,,,dish_washer_tabs_0,,,,,,5,Action_HLVNODYZ,1.3599995930989583,-0.440000057220459,0.0,0.0,0.0,0.12099791318178175,0.9926527738571168,
0,Action_GSYXNCHP,Perceiving,1611268746.0134141,1611268755.8208108,9.80739688873291,True,,,,,dish_washer_tabs_0,,,,,,0,Action_GSYXNCHP,1.3599995930989583,-0.5199999809265137,0.0,0.0,0.0,0.13527841866016388,0.9908075928688048,
10,Action_GTUPLSDJ,Perceiving,1611297702.4636948,1611297711.95264,9.488945245742796,True,,,,,dish_washer_tabs_0,,,,,,10,Action_GTUPLSDJ,1.3999996185302734,-0.5999998728434245,0.0,0.0,0.0,0.12828236818313601,0.99173766374588,
6,Action_CBSWGZMF,Perceiving,1611270655.188013,1611270664.018284,8.830271005630491,True,,,,,dish_washer_tabs_0,,,,,,6,Action_CBSWGZMF,1.3999996185302734,-0.5599999745686849,0.0,0.0,0.0,0.12034621834754945,0.9927319884300232,
3,Action_XEOMSVQD,Perceiving,1611240741.9671547,1611240752.6010804,10.633925676345823,True,,,,,dish_washer_tabs_0,,,,,,3,Action_XEOMSVQD,1.3999996185302734,-0.5199999809265137,0.0,0.0,0.0,0.11311933398246765,0.9935814142227172,
1,Action_TQNXLEFP,Perceiving,1611248219.4706035,1611248228.4232278,8.952624082565306,True,,,,,dish_washer_tabs_0,,,,,,1,Action_TQNXLEFP,1.3999996185302734,-0.3600001335144043,0.0,0.0,0.0,0.08973317593336105,0.995965838432312,
0,Action_ZXIHUTVK,Perceiving,1611268003.4063148,1611268011.532409,8.126094102859497,True,,,,,dish_washer_tabs_0,,,,,,0,Action_ZXIHUTVK,1.3999996185302734,-0.5999998728434245,0.0,0.0,0.0,0.12828236818313601,0.99173766374588,
5,Action_NKPSWEYX,Perceiving,1611274673.8584776,1611274680.8507075,6.99222993850708,True,,,,,dish_washer_tabs_0,,,,,,5,Action_NKPSWEYX,1.440000025431315,-0.5999998728434245,0.0,0.0,0.0,0.10339184105396272,0.9946407079696656,
4,Action_EJYZTKVR,Perceiving,1611235195.5737064,1611235204.8647232,9.291016817092897,True,,,,,dish_washer_tabs_0,,,,,,4,Action_EJYZTKVR,1.440000025431315,-0.4000000953674317,0.0,0.0,0.0,0.07460152357816696,0.9972134232521056,
3,Action_CEHRFIOS,Perceiving,1611299372.6981585,1611299378.6917305,5.993571996688843,True,,,,,dish_washer_tabs_0,,,,,,3,Action_CEHRFIOS,1.440000025431315,-0.2800002098083496,0.0,0.0,0.0,0.06235216185450554,0.9980542063713074,
10,Action_QBHZIPNF,Perceiving,1611228293.437978,1611228299.8503456,6.412367343902588,True,,,,,dish_washer_tabs_0,,,,,,10,Action_QBHZIPNF,1.440000025431315,-0.5999998728434245,0.0,0.0,0.0,0.10339184105396272,0.9946407079696656,
14,Action_LMZNVHFS,Perceiving,1611251810.054233,1611251816.8755474,6.821314334869385,True,,,,,dish_washer_tabs_0,,,,,,14,Action_LMZNVHFS,1.440000025431315,-0.5999998728434245,0.0,0.0,0.0,0.10339184105396272,0.9946407079696656,
2,Action_UMCPXOGK,Perceiving,1611280164.9699745,1611280173.5060213,8.536046743392943,True,,,,,dish_washer_tabs_0,,,,,,2,Action_UMCPXOGK,1.440000025431315,-0.440000057220459,0.0,0.0,0.0,0.0793825313448906,0.9968442320823668,
9,Action_XMYRUIDW,Perceiving,1611262449.7375505,1611262456.8350446,7.09749436378479,True,,,,,dish_washer_tabs_0,,,,,,9,Action_XMYRUIDW,1.440000025431315,-0.5999998728434245,0.0,0.0,0.0,0.10339184105396272,0.9946407079696656,
12,Action_HWVCFDNB,Perceiving,1611236652.3208818,1611236663.5644126,11.243530750274658,True,,,,,dish_washer_tabs_0,,,,,,12,Action_HWVCFDNB,1.4800000508626303,-0.5199999809265137,0.0,0.0,0.0,0.06683515012264253,0.9977640509605408,
5,Action_JPEKGLHU,Perceiving,1611264741.4713454,1611264750.232659,8.761313438415527,True,,,,,dish_washer_tabs_0,,,,,,5,Action_JPEKGLHU,1.4800000508626303,-0.3200001716613769,0.0,0.0,0.0,0.04695941135287285,0.9988967776298524,
2,Action_BRUJNFMX,Perceiving,1611238074.6979575,1611238084.0568304,9.358873128890993,True,,,,,dish_washer_tabs_0,,,,,,2,Action_BRUJNFMX,1.4800000508626303,-0.2400002479553223,0.0,0.0,0.0,0.040999334305524826,0.9991591572761536,
6,Action_KNICPHDM,Perceiving,1611246888.6449766,1611246897.964646,9.319669485092165,True,,,,,dish_washer_tabs_0,,,,,,6,Action_KNICPHDM,1.4800000508626303,-0.4800000190734863,0.0,0.0,0.0,0.06213828176259995,0.9980675578117372,
5,Action_IZVWFQSE,Perceiving,1611242846.404625,1611242852.5789776,6.1743526458740225,True,,,,,dish_washer_tabs_0,,,,,,5,Action_IZVWFQSE,1.4800000508626303,-0.6399998982747396,0.0,0.0,0.0,0.0840303972363472,0.996463179588318,
10,Action_GIHVZTKW,Perceiving,1611226494.4684188,1611226501.9311135,7.4626944065093985,True,,,,,dish_washer_tabs_0,,,,,,10,Action_GIHVZTKW,1.4800000508626303,-0.4000000953674317,0.0,0.0,0.0,0.05391611531376839,0.998545467853546,
0,Action_OSCBGJRW,Perceiving,1611276862.8286731,1611276869.4663255,6.637652635574341,True,,,,,dish_washer_tabs_0,,,,,,0,Action_OSCBGJRW,1.4800000508626303,-0.3600001335144043,0.0,0.0,0.0,0.05029834434390068,0.9987342357635498,
19,Action_WPLCNVUX,Perceiving,1611284541.7730992,1611284548.3695586,6.59645938873291,True,,,,,dish_washer_tabs_0,,,,,,19,Action_WPLCNVUX,1.4800000508626303,-0.6399998982747396,0.0,0.0,0.0,0.0840303972363472,0.996463179588318,
3,Action_JOPYNFEW,Perceiving,1611257126.2118886,1611257133.9318025,7.719913959503174,True,,,,,dish_washer_tabs_0,,,,,,3,Action_JOPYNFEW,1.4800000508626303,-0.5199999809265137,0.0,0.0,0.0,0.06683515012264253,0.9977640509605408,
15,Action_CVPRKBHE,Perceiving,1611254071.7916493,1611254078.5963914,6.804742097854613,True,,,,,dish_washer_tabs_0,,,,,,15,Action_CVPRKBHE,1.4800000508626303,-0.6399998982747396,0.0,0.0,0.0,0.0840303972363472,0.996463179588318,
4,Action_MUKCEIDN,Perceiving,1611265368.2084696,1611265376.0433936,7.834923982620238,True,,,,,dish_washer_tabs_0,,,,,,4,Action_MUKCEIDN,1.5199999491373697,-0.5199999809265137,0.0,0.0,0.0,0.04288841784000397,0.9990798830986024,
3,Action_XQTJYKSD,Perceiving,1611264205.8076851,1611264212.6543567,6.846671581268311,True,,,,,dish_washer_tabs_0,,,,,,3,Action_XQTJYKSD,1.5199999491373697,-0.5199999809265137,0.0,0.0,0.0,0.04288841784000397,0.9990798830986024,
3,Action_MDOIYXFN,Perceiving,1611238730.0504506,1611238739.9325807,9.882130146026613,True,,,,,dish_washer_tabs_0,,,,,,3,Action_MDOIYXFN,1.5199999491373697,-0.4000000953674317,0.0,0.0,0.0,0.03289275243878365,0.999458909034729,
1,Action_TKYQZBGN,Perceiving,1611272854.1503382,1611272864.1580615,10.007723331451416,True,,,,,dish_washer_tabs_0,,,,,,1,Action_TKYQZBGN,1.5199999491373697,-0.3200001716613769,0.0,0.0,0.0,0.027528125792741776,0.999621033668518,
0,Action_NZSGIMFP,Perceiving,1611288611.6001482,1611288618.1540492,6.553900957107544,True,,,,,dish_washer_tabs_0,,,,,,0,Action_NZSGIMFP,1.5199999491373697,-0.5199999809265137,0.0,0.0,0.0,0.04288841784000397,0.9990798830986024,
8,Action_OKZHQLRE,Perceiving,1611278757.539943,1611278765.2673972,7.72745418548584,True,,,,,dish_washer_tabs_0,,,,,,8,Action_OKZHQLRE,1.5199999491373697,-0.5199999809265137,0.0,0.0,0.0,0.04288841784000397,0.9990798830986024,
6,Action_PESHKQZJ,Perceiving,1611272132.5683026,1611272142.5149245,9.946621894836426,True,,,,,dish_washer_tabs_0,,,,,,6,Action_PESHKQZJ,1.5199999491373697,-0.4800000190734863,0.0,0.0,0.0,0.03924909234046936,0.9992294907569884,
6,Action_WORIUEKV,Perceiving,1611269969.304217,1611269978.5842485,9.280030965805055,True,,,,,dish_washer_tabs_0,,,,,,6,Action_WORIUEKV,1.559999974568685,-0.5199999809265137,0.0,0.0,0.0,0.01854850910604,0.9998279809951782,
4,Action_UHEXPSVI,Perceiving,1611285308.7511685,1611285315.0626097,6.311440944671631,True,,,,,dish_washer_tabs_0,,,,,,4,Action_UHEXPSVI,1.559999974568685,-0.4000000953674317,0.0,0.0,0.0,0.011608687229454516,0.999932587146759,
1,Action_YCWXOBVZ,Perceiving,1611266761.9380925,1611266770.1812756,8.243183135986326,True,,,,,dish_washer_tabs_0,,,,,,1,Action_YCWXOBVZ,1.559999974568685,-0.5199999809265137,0.0,0.0,0.0,0.01854850910604,0.9998279809951782,
6,Action_NPYRBOUT,Perceiving,1611249382.2711082,1611249391.6253624,9.354254007339476,True,,,,,dish_washer_tabs_0,,,,,,6,Action_NPYRBOUT,1.559999974568685,-0.4800000190734863,0.0,0.0,0.0,0.0160190649330616,0.9998716711997986,
2,Action_ZOUPMEFH,Perceiving,1611267301.8302634,1611267311.068657,9.238393545150755,True,,,,,dish_washer_tabs_0,,,,,,2,Action_ZOUPMEFH,1.559999974568685,-0.6399998982747396,0.0,0.0,0.0,0.02787837199866772,0.9996113181114196,
3,Action_RMQFGNOZ,Perceiving,1611260333.6791575,1611260344.325648,10.646490573883057,True,,,,,dish_washer_tabs_0,,,,,,3,Action_RMQFGNOZ,1.559999974568685,-0.2400002479553223,0.0,0.0,0.0,0.004720944911241531,0.999988853931427,
0,Action_TWHQZSYX,Perceiving,1611254697.822271,1611254703.4753435,5.6530723571777335,True,,,,,dish_washer_tabs_0,,,,,,0,Action_TWHQZSYX,1.559999974568685,-0.5999998728434245,0.0,0.0,0.0,0.024431174620985985,0.9997014999389648,
3,Action_PYXIMSZH,Perceiving,1611248816.3478546,1611248825.631155,9.283300161361693,True,,,,,dish_washer_tabs_0,,,,,,3,Action_PYXIMSZH,1.559999974568685,-0.4000000953674317,0.0,0.0,0.0,0.011608687229454516,0.999932587146759,
3,Action_MEIYPNDV,Perceiving,1611291052.4489956,1611291059.1993887,6.750393390655518,True,,,,,dish_washer_tabs_0,,,,,,3,Action_MEIYPNDV,1.559999974568685,-0.4000000953674317,0.0,0.0,0.0,0.011608687229454516,0.999932587146759,
0,Action_HYRMONPC,Perceiving,1611242249.7687032,1611242255.6836193,5.914916038513184,True,,,,,dish_washer_tabs_0,,,,,,0,Action_HYRMONPC,1.559999974568685,-0.5199999809265137,0.0,0.0,0.0,0.01854850910604,0.9998279809951782,
3,Action_TYNMWHUF,Perceiving,1611250101.9745696,1611250111.3237755,9.34920597076416,True,,,,,dish_washer_tabs_0,,,,,,3,Action_TYNMWHUF,1.5999998728434244,-0.6800003051757812,0.0,0.0,0.0,0.0011713489657267928,0.9999992847442628,
4,Action_IXMHRCFP,Perceiving,1611269339.224214,1611269348.9624426,9.73822855949402,True,,,,,dish_washer_tabs_0,,,,,,4,Action_IXMHRCFP,1.5999998728434244,-0.6399998982747396,0.0,0.0,0.0,-0.0009514621342532336,0.9999995231628418,
3,Action_BIDRNKLE,Perceiving,1611296472.1809714,1611296481.0494554,8.868484258651732,True,,,,,dish_washer_tabs_0,,,,,,3,Action_BIDRNKLE,1.5999998728434244,-0.5199999809265137,0.0,0.0,0.0,-0.0060618557035923,0.9999816417694092,
4,Action_HMOZLIPW,Perceiving,1611293791.3366392,1611293799.0942676,7.757628440856934,True,,,,,dish_washer_tabs_0,,,,,,4,Action_HMOZLIPW,1.5999998728434244,-0.2400002479553223,0.0,0.0,0.0,-0.013608084060251713,0.999907374382019,
10,Action_DWRFJSNK,Perceiving,1611244766.2383554,1611244773.0547378,6.816382169723512,True,,,,,dish_washer_tabs_0,,,,,,10,Action_DWRFJSNK,1.5999998728434244,-0.6800003051757812,0.0,0.0,0.0,0.0011713489657267928,0.9999992847442628,
3,Action_UKOLEQCW,Perceiving,1611297071.509726,1611297081.0974653,9.587739229202269,True,,,,,dish_washer_tabs_0,,,,,,3,Action_UKOLEQCW,1.5999998728434244,-0.6399998982747396,0.0,0.0,0.0,-0.0009514621342532336,0.9999995231628418,
5,Action_ULJRSMYE,Perceiving,1611247499.894894,1611247508.5220466,8.62715220451355,True,,,,,dish_washer_tabs_0,,,,,,5,Action_ULJRSMYE,1.6399998982747397,-0.3600001335144043,0.0,0.0,0.0,-0.03156933560967445,0.9995015859603882,
5,Action_ZOMNHFVW,Perceiving,1611231718.2504447,1611231725.4391515,7.188706874847412,True,,,,,dish_washer_tabs_0,,,,,,5,Action_ZOMNHFVW,1.6399998982747397,-0.4000000953674317,0.0,0.0,0.0,-0.03140440955758095,0.9995067715644836,
22,Action_DQVPYBNU,Perceiving,1611230500.4479413,1611230507.9641392,7.516197919845581,True,,,,,dish_washer_tabs_0,,,,,,22,Action_DQVPYBNU,1.6399998982747397,-0.3200001716613769,0.0,0.0,0.0,-0.03172115981578827,0.9994967579841614,
10,Action_ZCOFIMVL,Perceiving,1611279482.557208,1611279491.3034413,8.746233224868773,True,,,,,dish_washer_tabs_0,,,,,,10,Action_ZCOFIMVL,1.6399998982747397,-0.440000057220459,0.0,0.0,0.0,-0.03122460655868053,0.9995123744010924,
5,Action_JZVWICUF,Perceiving,1611263002.014957,1611263008.1520743,6.137117624282838,True,,,,,dish_washer_tabs_0,,,,,,5,Action_JZVWICUF,1.6399998982747397,-0.2800002098083496,0.0,0.0,0.0,-0.031861379742622375,0.9994922876358032,
10,Action_DMLKOBHF,Perceiving,1611276270.3572016,1611276278.0211725,7.663970708847046,True,,,,,dish_washer_tabs_0,,,,,,10,Action_DMLKOBHF,1.679999796549479,-0.3600001335144043,0.0,0.0,0.0,-0.05223030969500542,0.9986350536346436,
3,Action_YCGZETRK,Perceiving,1611250793.45165,1611250806.2819555,12.830305576324465,True,,,,,dish_washer_tabs_0,,,,,,3,Action_YCGZETRK,1.679999796549479,-0.3600001335144043,0.0,0.0,0.0,-0.05223030969500542,0.9986350536346436,
11,Action_HSYQZMNR,Perceiving,1611294363.2792053,1611294371.1594908,7.8802855014801025,True,,,,,dish_washer_tabs_0,,,,,,11,Action_HSYQZMNR,1.679999796549479,-0.2800002098083496,0.0,0.0,0.0,-0.0509447492659092,0.9987014532089232,
9,Action_NSHKWFLZ,Perceiving,1611239291.2234867,1611239302.8135052,11.590018510818481,True,,,,,dish_washer_tabs_0,,,,,,9,Action_NSHKWFLZ,1.679999796549479,-0.2800002098083496,0.0,0.0,0.0,-0.0509447492659092,0.9987014532089232,
2,Action_RUIZEXGO,Perceiving,1611283246.628241,1611283255.433577,8.805335998535156,True,,,,,dish_washer_tabs_0,,,,,,2,Action_RUIZEXGO,1.679999796549479,-0.5199999809265137,0.0,0.0,0.0,-0.05556472390890122,0.9984551072120668,
0,Action_BMSXGJQF,Perceiving,1611259097.6854296,1611259106.692734,9.007304191589355,True,,,,,dish_washer_tabs_0,,,,,,0,Action_BMSXGJQF,1.679999796549479,-0.5199999809265137,0.0,0.0,0.0,-0.05556472390890122,0.9984551072120668,
5,Action_PZUOWYGM,Perceiving,1611259679.0200927,1611259687.8686285,8.848535537719727,True,,,,,dish_washer_tabs_0,,,,,,5,Action_PZUOWYGM,1.7199998219807944,-0.440000057220459,0.0,0.0,0.0,-0.07616864144802094,0.9970949292182922,
5,Action_GJOIWZET,Perceiving,1611291708.5119743,1611291715.10813,6.5961554050445566,True,,,,,dish_washer_tabs_0,,,,,,5,Action_GJOIWZET,1.7199998219807944,-0.2400002479553223,0.0,0.0,0.0,-0.06869693845510483,0.9976375699043274,
21,Action_UHOTCEJD,Perceiving,1611295814.9324315,1611295825.225684,10.293252229690554,True,,,,,dish_washer_tabs_0,,,,,,21,Action_UHOTCEJD,1.7199998219807944,-0.4000000953674317,0.0,0.0,0.0,-0.07441821694374083,0.997227132320404,
2,Action_TGWYXHQM,Perceiving,1611288003.2634606,1611288009.9076052,6.644144296646117,True,,,,,dish_washer_tabs_0,,,,,,2,Action_TGWYXHQM,1.7599997202555338,-0.440000057220459,0.0,0.0,0.0,-0.098388209939003,0.9951481223106384,
15,Action_ZRNPGYLI,Perceiving,1611234613.6476758,1611234622.426389,8.778713226318361,True,,,,,dish_washer_tabs_0,,,,,,15,Action_ZRNPGYLI,1.7599997202555338,-0.3200001716613769,0.0,0.0,0.0,-0.09096149355173112,0.9958544373512268,
0,Action_UCDITHVB,Perceiving,1611252410.8143823,1611252417.0598464,6.245464086532593,True,,,,,dish_washer_tabs_0,,,,,,0,Action_UCDITHVB,1.7599997202555338,-0.4000000953674317,0.0,0.0,0.0,-0.095702663064003,0.9954099655151368,
17,Action_QNMXICTO,Perceiving,1611257814.8254485,1611257822.9839165,8.158468008041384,True,,,,,dish_washer_tabs_0,,,,,,17,Action_QNMXICTO,1.7599997202555338,-0.440000057220459,0.0,0.0,0.0,-0.098388209939003,0.9951481223106384,
6,Action_TBOHRSVP,Perceiving,1611239933.8048918,1611239944.1627898,10.357897996902468,True,,,,,dish_washer_tabs_0,,,,,,6,Action_TBOHRSVP,1.7599997202555338,-0.440000057220459,0.0,0.0,0.0,-0.098388209939003,0.9951481223106384,
9,Action_GBFTISJK,Perceiving,1611228906.3058796,1611228913.7959573,7.49007773399353,True,,,,,dish_washer_tabs_0,,,,,,9,Action_GBFTISJK,1.7599997202555338,-0.4000000953674317,0.0,0.0,0.0,-0.095702663064003,0.9954099655151368,
9,Action_FUJZTVPC,Perceiving,1611241317.8381393,1611241330.115985,12.277845621109009,True,,,,,dish_washer_tabs_0,,,,,,9,Action_FUJZTVPC,1.799999745686849,-0.5999998728434245,0.0,0.0,0.0,-0.13842852413654327,0.9903724193572998,
3,Action_MYSBVDCT,Perceiving,1611244130.8211155,1611244137.372045,6.550929307937622,True,,,,,dish_washer_tabs_0,,,,,,3,Action_MYSBVDCT,1.799999745686849,-0.4000000953674317,0.0,0.0,0.0,-0.11672551929950715,0.9931642413139344,
12,Action_EFOHNKRU,Perceiving,1611233079.2438881,1611233086.8930902,7.649202108383179,True,,,,,dish_washer_tabs_0,,,,,,12,Action_EFOHNKRU,1.799999745686849,-0.3200001716613769,0.0,0.0,0.0,-0.11038507521152496,0.9938889145851136,
20,Action_SKFOLPGQ,Perceiving,1611287157.038259,1611287164.1466756,7.108416557312013,True,,,,,dish_washer_tabs_0,,,,,,20,Action_SKFOLPGQ,1.799999745686849,-0.5999998728434245,0.0,0.0,0.0,-0.13842852413654327,0.9903724193572998,
7,Action_SHNOFXME,Perceiving,1611253070.504214,1611253077.600251,7.096036911010742,True,,,,,dish_washer_tabs_0,,,,,,7,Action_SHNOFXME,1.799999745686849,-0.5599999745686849,0.0,0.0,0.0,-0.1332211196422577,0.9910863041877748,
1,Action_IWSGVMFX,Perceiving,1611299926.4662747,1611299932.622276,6.156001329421997,True,,,,,dish_washer_tabs_0,,,,,,1,Action_IWSGVMFX,1.799999745686849,-0.5999998728434245,0.0,0.0,0.0,-0.13842852413654327,0.9903724193572998,
6,Action_FUWLENZD,Perceiving,1611243545.716791,1611243553.2388368,7.522046089172362,True,,,,,dish_washer_tabs_0,,,,,,6,Action_FUWLENZD,1.8399996439615884,-0.5599999745686849,0.0,0.0,0.0,-0.15777541697025302,0.987475037574768,
0,Action_HSUVPIRJ,Perceiving,1611278046.450418,1611278054.7513106,8.30089259147644,True,,,,,dish_washer_tabs_0,,,,,,0,Action_HSUVPIRJ,1.879999669392904,-0.3600001335144043,0.0,0.0,0.0,-0.1528453230857849,0.9882501363754272,
10,Action_YKVHNWRE,Perceiving,1611295124.8825276,1611295134.2018256,9.319298267364502,True,,,,,dish_washer_tabs_0,,,,,,10,Action_YKVHNWRE,1.920000076293945,-0.5199999809265137,0.0,0.0,0.0,-0.1970147788524628,0.9804005026817322,
1,Action_VIHDQOCE,Perceiving,1611277375.8450568,1611277383.2011738,7.356117010116577,True,,,,,dish_washer_tabs_0,,,,,,1,Action_VIHDQOCE,1.920000076293945,-0.3200001716613769,0.0,0.0,0.0,-0.16682220995426178,0.9859870076179504,
5,Action_LWBZKUGP,Perceiving,1611246164.1133425,1611246172.6672542,8.553911924362183,True,,,,,dish_washer_tabs_0,,,,,,5,Action_LWBZKUGP,1.920000076293945,-0.3200001716613769,0.0,0.0,0.0,-0.16682220995426178,0.9859870076179504,
9,Action_QCOIHVWE,Perceiving,1611271443.7460008,1611271455.0916119,11.345611333847046,True,,,,,dish_washer_tabs_0,,,,,,9,Action_QCOIHVWE,1.920000076293945,-0.5199999809265137,0.0,0.0,0.0,-0.1970147788524628,0.9804005026817322,
4,Action_XJVYNKBT,Perceiving,1611233794.594,1611233803.4944165,8.900416612625124,True,,,,,dish_washer_tabs_0,,,,,,4,Action_XJVYNKBT,1.920000076293945,-0.5199999809265137,0.0,0.0,0.0,-0.1970147788524628,0.9804005026817322,
11,Action_YDNRBWZJ,Perceiving,1611290282.2109492,1611290288.8798375,6.668888330459595,True,,,,,dish_washer_tabs_0,,,,,,11,Action_YDNRBWZJ,1.9600001017252604,-0.3200001716613769,0.0,0.0,0.0,-0.18485212326049805,0.9827663898468018,
17,Action_QPZFGBRI,Perceiving,1611293191.5931785,1611293199.6147287,8.021550178527832,True,,,,,dish_washer_tabs_0,,,,,,17,Action_QPZFGBRI,1.9600001017252604,-0.3600001335144043,0.0,0.0,0.0,-0.1905847936868668,0.9816707372665404,
11,Action_MFIQUBOX,Perceiving,1611229723.7494462,1611229730.9973278,7.247881889343263,True,,,,,dish_washer_tabs_0,,,,,,11,Action_MFIQUBOX,2.0,-0.3600001335144043,0.0,0.0,0.0,-0.20870773494243625,0.9779780507087708,
9,Action_MVUQIRPX,Perceiving,1611229696.7720375,1611229704.2436373,7.471599817276001,True,,,,,dish_washer_tabs_0,,,,,,9,Action_MVUQIRPX,2.03999989827474,-0.3200001716613769,0.0,0.0,0.0,-0.2194981575012207,0.9756129384040833,
7,Action_JDBTOQRF,Perceiving,1611228218.3740804,1611228225.0401864,6.6661057472229,True,,,,,dish_washer_tabs_0,,,,,,7,Action_JDBTOQRF,2.1999997456868488,-0.440000057220459,0.0,0.0,0.0,-0.30888551473617554,0.9510992169380188,
15,Action_PUQGIFER,Perceiving,1611251736.7803822,1611251743.2724385,6.492056131362915,True,,,,,dish_washer_tabs_0,,,,,,15,Action_PUQGIFER,2.1999997456868488,-0.440000057220459,0.0,0.0,0.0,-0.30888551473617554,0.9510992169380188,
10,Action_WGOQEYUI,Perceiving,1611237271.6035366,1611237281.7176447,10.114108324050905,True,,,,,dish_washer_tabs_0,,,,,,10,Action_WGOQEYUI,2.1999997456868488,-0.440000057220459,0.0,0.0,0.0,-0.30888551473617554,0.9510992169380188,
17,Action_MFIHKTYC,Perceiving,1611274602.5543122,1611274609.1713881,6.617075681686401,True,,,,,dish_washer_tabs_0,,,,,,17,Action_MFIHKTYC,2.1999997456868488,-0.440000057220459,0.0,0.0,0.0,-0.30888551473617554,0.9510992169380188,
13,Action_BDUWZEYC,Perceiving,1611262375.2914386,1611262381.9984288,6.7069902420043945,True,,,,,dish_washer_tabs_0,,,,,,13,Action_BDUWZEYC,2.1999997456868488,-0.440000057220459,0.0,0.0,0.0,-0.30888551473617554,0.9510992169380188,
3,Action_KTEZBGNM,Perceiving,1611272106.8738275,1611272116.6818113,9.807983875274658,True,,,,,dish_washer_tabs_0,,,,,,3,Action_KTEZBGNM,2.1999997456868488,-0.440000057220459,0.0,0.0,0.0,-0.30888551473617554,0.9510992169380188,
